时间段,OK组,NG组,良率
8:00-8:59,0,0,0
9:00-9:59,0,0,0
10:00-10:59,4,0,100
11:00-11:59,0,1,0
12:00-12:59,44,3,94
13:00-13:59,29,4,88
14:00-14:59,28,4,88
15:00-15:59,2,0,100
16:00-16:59,0,0,0
19:00-19:59,0,1,0
合计,108,13,89.2561950683594
20:00-20:59,57,9,86
21:00-21:59,172,40,81
21:00-21:59,172,40,81
22:00-22:59,171,10,94
23:00-23:59,33,1,97
0:00-0:59,0,0,0
1:00-1:59,0,0,0
2:00-2:59,0,0,0
3:00-3:59,0,0,0
4:00-4:59,0,0,0
5:00-5:59,0,0,0
6:00-6:59,0,0,0
7:00-7:59,0,0,0
合计,434,60,87.854248046875
